AA	0.8515	0.7370	0.6388
AKo	0.6531	0.4794	0.3881
AKs	0.6714	0.5101	0.4107
AQo	0.6425	0.4691	0.3694
AQs	0.6622	0.4929	0.4020
AJo	0.6366	0.4527	0.3508
AJs	0.6538	0.4838	0.3846
ATo	0.6322	0.4447	0.3356
ATs	0.6405	0.4722	0.3730
A9o	0.6073	0.4146	0.3089
A9s	0.6271	0.4430	0.3418
A8o	0.5998	0.4102	0.2959
A8s	0.6208	0.4320	0.3375
A7o	0.5895	0.3936	0.2905
A7s	0.6087	0.4202	0.3263
A6o	0.5762	0.3798	0.2751
A6s	0.5991	0.4123	0.3104
A5o	0.5745	0.3856	0.2757
A5s	0.5948	0.4137	0.3157
A4o	0.5622	0.3721	0.2736
A4s	0.5907	0.4022	0.3064
A3o	0.5603	0.3627	0.2629
A3s	0.5821	0.3986	0.3064
A2o	0.5486	0.3558	0.2539
A2s	0.5723	0.3843	0.2931
KK	0.8259	0.6930	0.5807
KQo	0.6184	0.4412	0.3521
KQs	0.6333	0.4758	0.3831
KJo	0.5984	0.4266	0.3359
KJs	0.6225	0.4535	0.3681
KTo	0.6010	0.4164	0.3208
KTs	0.6175	0.4484	0.3574
K9o	0.5765	0.3956	0.2946
K9s	0.5977	0.4226	0.3307
K8o	0.5566	0.3733	0.2739
K8s	0.5804	0.4030	0.3064
K7o	0.5528	0.3638	0.2613
K7s	0.5743	0.3913	0.3004
K6o	0.5432	0.3517	0.2520
K6s	0.5648	0.3869	0.2858
K5o	0.5348	0.3406	0.2414
K5s	0.5584	0.3756	0.2827
K4o	0.5211	0.3322	0.2365
K4s	0.5495	0.3608	0.2768
K3o	0.5125	0.3270	0.2252
K3s	0.5381	0.3578	0.2685
K2o	0.5076	0.3112	0.2242
K2s	0.5323	0.3481	0.2609
QQ	0.8037	0.6489	0.5374
QJo	0.5800	0.4127	0.3231
QJs	0.5979	0.4426	0.3540
QTo	0.5738	0.4006	0.3135
QTs	0.5983	0.4280	0.3441
Q9o	0.5552	0.3781	0.2873
Q9s	0.5770	0.4097	0.3192
Q8o	0.5361	0.3523	0.2619
Q8s	0.5596	0.3879	0.2981
Q7o	0.5140	0.3317	0.2396
Q7s	0.5409	0.3649	0.2777
Q6o	0.5097	0.3232	0.2327
Q6s	0.5360	0.3565	0.2699
Q5o	0.5016	0.3132	0.2215
Q5s	0.5302	0.3488	0.2606
Q4o	0.4901	0.3044	0.2155
Q4s	0.5117	0.3378	0.2566
Q3o	0.4837	0.2918	0.2097
Q3s	0.5084	0.3276	0.2461
Q2o	0.4719	0.2863	0.2028
Q2s	0.5037	0.3247	0.2426
JJ	0.7740	0.6113	0.4919
JTo	0.5522	0.3944	0.3099
JTs	0.5742	0.4183	0.3413
J9o	0.5307	0.3641	0.2796
J9s	0.5567	0.3927	0.3070
J8o	0.5129	0.3442	0.2533
J8s	0.5441	0.3733	0.2882
J7o	0.4983	0.3211	0.2336
J7s	0.5233	0.3511	0.2746
J6o	0.4795	0.2993	0.2124
J6s	0.5054	0.3301	0.2533
J5o	0.4723	0.2944	0.2068
J5s	0.4956	0.3280	0.2493
J4o	0.4607	0.2870	0.1984
J4s	0.4923	0.3199	0.2404
J3o	0.4530	0.2704	0.1874
J3s	0.4811	0.3070	0.2335
J2o	0.4458	0.2632	0.1850
J2s	0.4728	0.3032	0.2288
TT	0.7439	0.5733	0.4539
T9o	0.5139	0.3599	0.2755
T9s	0.5358	0.3876	0.3072
T8o	0.4938	0.3340	0.2542
T8s	0.5267	0.3669	0.2954
T7o	0.4796	0.3130	0.2329
T7s	0.5036	0.3450	0.2683
T6o	0.4615	0.2926	0.2127
T6s	0.4913	0.3308	0.2513
T5o	0.4433	0.2700	0.1925
T5s	0.4725	0.3074	0.2318
T4o	0.4396	0.2647	0.1843
T4s	0.4643	0.3038	0.2275
T3o	0.4266	0.2541	0.1826
T3s	0.4593	0.2926	0.2164
T2o	0.4157	0.2475	0.1760
T2s	0.4445	0.2882	0.2124
99	0.7201	0.5345	0.4118
98o	0.4781	0.3296	0.2545
98s	0.5064	0.3600	0.2897
97o	0.4648	0.3058	0.2292
97s	0.4898	0.3434	0.2693
96o	0.4493	0.2904	0.2079
96s	0.4738	0.3187	0.2479
95o	0.4308	0.2667	0.1918
95s	0.4578	0.3007	0.2300
94o	0.4085	0.2435	0.1699
94s	0.4376	0.2800	0.2149
93o	0.3982	0.2375	0.1669
93s	0.4350	0.2795	0.2093
92o	0.3900	0.2296	0.1619
92s	0.4242	0.2726	0.1993
88	0.6888	0.4969	0.3732
87o	0.4515	0.3040	0.2331
87s	0.4806	0.3385	0.2684
86o	0.4333	0.2841	0.2102
86s	0.4602	0.3168	0.2490
85o	0.4127	0.2633	0.1943
85s	0.4418	0.2985	0.2317
84o	0.3926	0.2452	0.1780
84s	0.4298	0.2823	0.2152
83o	0.3764	0.2175	0.1542
83s	0.4093	0.2654	0.1951
82o	0.3648	0.2181	0.1533
82s	0.3960	0.2572	0.1944
77	0.6645	0.4640	0.3408
76o	0.4252	0.2847	0.2146
76s	0.4505	0.3194	0.2501
75o	0.4058	0.2677	0.1965
75s	0.4377	0.3045	0.2346
74o	0.3870	0.2466	0.1764
74s	0.4170	0.2831	0.2157
73o	0.3628	0.2277	0.1580
73s	0.4004	0.2664	0.1999
72o	0.3492	0.2060	0.1418
72s	0.3821	0.2434	0.1849
66	0.6317	0.4316	0.3217
65o	0.3962	0.2659	0.2025
65s	0.4332	0.3042	0.2368
64o	0.3775	0.2514	0.1831
64s	0.4127	0.2846	0.2236
63o	0.3591	0.2253	0.1621
63s	0.3950	0.2672	0.2034
62o	0.3389	0.2058	0.1457
62s	0.3758	0.2466	0.1896
55	0.6025	0.4003	0.2863
54o	0.3807	0.2559	0.1903
54s	0.4174	0.2906	0.2256
53o	0.3655	0.2341	0.1671
53s	0.3992	0.2760	0.2120
52o	0.3437	0.2140	0.1533
52s	0.3822	0.2536	0.1978
44	0.5683	0.3673	0.2646
43o	0.3524	0.2237	0.1656
43s	0.3882	0.2621	0.2075
42o	0.3334	0.2060	0.1466
42s	0.3705	0.2481	0.1880
33	0.5394	0.3386	0.2402
32o	0.3190	0.2003	0.1394
32s	0.3597	0.2373	0.1800
22	0.5043	0.3048	0.2203
